id,first_name,last_name,gender,email
1,John,Doe,M,johndoe@example.com
2,Jane,Doe,F,janedoe@example.com
3,Michael,Smith,M,michaelsmith@example.com
4,Emily,Johnson,F,emilyjohnson@example.com
5,William,Brown,M,williambrown@example.com
6,Emma,Jones,F,emmajones@example.com
7,Alexander,Williams,M,alexanderwilliams@example.com
8,Sophia,Brown,F,sophiabrown@example.com
9,Nicholas,Miller,M,nicholasmiller@example.com
10,Olivia,Davis,F,oliviadavis@example.com
11,James,Anderson,M,jamesanderson@example.com
12,Amelia,Wilson,F,ameliawilson@example.com
13,Benjamin,Martin,M,benjaminmartin@example.com
14,Chloe,Taylor,F,chloetaylor@example.com
15,Daniel,Thompson,M,danielthompson@example.com
16,Ella,White,F,ellawhite@example.com
17,Matthew,Jackson,M,matthewjackson@example.com
18,Mia,Harris,F,miaharris@example.com
19,David,Thomas,M,davidthomas@example.com
20,Sofia,Martin,F,sofiamartin@example.com
21,Joseph,Hall,M,josephhall@example.com
22,Grace,Lewis,F,gracelewis@example.com
23,Andrew,Walker,M,andrewwalker@example.com
24,Ava,Clarke,F,avaclarke@example.com
25,Christopher,Allen,M,christopherallen@example.com
26,Lily,Scott,F,lilyscott@example.com
27,Joshua,King,M,joshuaking@example.com
28,Charlotte,Green,F,charlottegreen@example.com
29,Anthony,Hill,M,anthonyhill@example.com
30,Harper,Adams,F,harperadams@example.com
31,Ryan,Mitchell,M,ryanmitchell@example.com
32,Elizabeth,Carter,F,elizabethcarter@example.com
33,Nathan,Evans,M,nathanevans@example.com
34,Sophie,Wright,F,sophiewright@example.com
35,Jason,Parker,M,jasonparker@example.com
36,Isabella,Roberts,F,isabellaroberts@example.com
37,Brandon,Turner,M,brandonturner@example.com
38,Alice,Hall,F,alicehall@example.com
39,Kevin,Phillips,M,kevinphillips@example.com
40,Zoe,Baker,F,zoebaker@example.com
41,Justin,Ross,M,justinross@example.com
42,Evelyn,Bailey,F,evelynbailey@example.com
43,Jonathan,Cook,M,jonathancook@example.com
44,Victoria,Morris,F,victoriamorris@example.com
45,Richard,Murphy,M,richardmurphy@example.com
46,Natalie,Gray,F,nataliegray@example.com
47,Kyle,Rivera,M,kylerivera@example.com
48,Leah,Kelly,F,leahkelly@example.com
49,Brandon,Ward,M,brandonward@example.com
50,Audrey,Collins,F,audreycollins@example.com
