id,first_name,last_name,gender,email
1,John,Doe,M,johndoe@example.com
2,Jane,Smith,F,janesmith@example.com
3,Michael,Johnson,M,michaeljohnson@example.com
4,Emily,Williams,F,emilywilliams@example.com
5,James,Brown,M,jamesbrown@example.com
6,Emma,Jones,F,emmajones@example.com
7,William,Davis,M,williamdavis@example.com
8,Sophia,Miller,F,sophiamiller@example.com
9,Alexander,Wilson,M,alexanderwilson@example.com
10,Olivia,Taylor,F,oliviataylor@example.com
11,Daniel,Anderson,M,danielanderson@example.com
12,Chloe,White,F,chloewhite@example.com
13,Matthew,Martin,M,matthewmartin@example.com
14,Ella,Thompson,F,ellathompson@example.com
15,Christopher,Garcia,M,christophergarcia@example.com
16,Grace,Martinez,F,gracemartinez@example.com
17,Andrew,Robinson,M,andrewrobinson@example.com
18,Ava,Clark,F,avaclark@example.com
19,David,Rodriguez,M,davidrodriguez@example.com
20,Isabella,Lewis,F,isabellalewis@example.com
21,Joseph,Hall,M,josephhall@example.com
22,Mia,Allen,F,miaallen@example.com
23,Benjamin,Young,M,benjaminyoung@example.com
24,Harper,Hernandez,F,harperhernandez@example.com
25,Logan,King,M,loganking@example.com
26,Sofia,Wright,F,sofiawright@example.com
27,Mason,Lopez,M,masonlopez@example.com
28,Amelia,Hill,F,ameliahill@example.com
29,Ethan,Scott,M,ethanscott@example.com
30,Evelyn,Green,F,evelyngreen@example.com
31,Lucas,Adams,M,lucasadams@example.com
32,Madison,Baker,F,madisonbaker@example.com
33,Joshua,Nelson,M,joshuanelson@example.com
34,Charlotte,Carter,F,charlottecarter@example.com
35,Aiden,Mitchell,M,aidenmitchell@example.com
36,Scarlett,Perez,F,scarlettperez@example.com
37,Gabriel,Roberts,M,gabrielroberts@example.com
38,Zoey,Turner,F,zoeyturner@example.com
39,Anthony,Phillips,M,anthonyphillips@example.com
40,Natalie,Khan,F,nataliekhan@example.com
41,Carter,Evans,M,carterevans@example.com
42,Addison,Hughes,F,addisonhughes@example.com
43,Isaac,Morris,M,isaacmorris@example.com
44,Lily,Lee,F,lilylee@example.com
45,Dylan,Hall,M,dylanhall@example.com
46,Hannah,Wood,F,hannahwood@example.com
47,Grayson,Clark,M,graysonclark@example.com
48,Lillian,Adams,F,lillianadams@example.com
49,Nathan,Wilson,M,nathanwilson@example.com
50,Zoe,Campbell,F,zoecampbell@example.com
